text,entity
Taylor Swift performed a synthetic activity in a fictional location.,Taylor Swift
Taylor Swift performed a synthetic activity in a fictional location.,Taylor Swift
Taylor Swift performed a synthetic activity in a fictional location.,Taylor Swift
Taylor Swift performed a synthetic activity in a fictional location.,Taylor Swift
Taylor Swift performed a synthetic activity in a fictional location.,Taylor Swift
Taylor Swift performed a synthetic activity in a fictional location.,Taylor Swift
Taylor Swift performed a synthetic activity in a fictional location.,Taylor Swift
Taylor Swift performed a synthetic activity in a fictional location.,Taylor Swift
Taylor Swift performed a synthetic activity in a fictional location.,Taylor Swift
Taylor Swift performed a synthetic activity in a fictional location.,Taylor Swift
Taylor Swift performed a synthetic activity in a fictional location.,Taylor Swift
Taylor Swift performed a synthetic activity in a fictional location.,Taylor Swift
Taylor Swift performed a synthetic activity in a fictional location.,Taylor Swift
Taylor Swift performed a synthetic activity in a fictional location.,Taylor Swift
Taylor Swift performed a synthetic activity in a fictional location.,Taylor Swift
Taylor Swift performed a synthetic activity in a fictional location.,Taylor Swift
Taylor Swift performed a synthetic activity in a fictional location.,Taylor Swift
Taylor Swift performed a synthetic activity in a fictional location.,Taylor Swift
Taylor Swift performed a synthetic activity in a fictional location.,Taylor Swift
Taylor Swift performed a synthetic activity in a fictional location.,Taylor Swift
Taylor Swift performed a synthetic activity in a fictional location.,Taylor Swift
Taylor Swift performed a synthetic activity in a fictional location.,Taylor Swift
Taylor Swift performed a synthetic activity in a fictional location.,Taylor Swift
Taylor Swift performed a synthetic activity in a fictional location.,Taylor Swift
Taylor Swift performed a synthetic activity in a fictional location.,Taylor Swift
Taylor Swift performed a synthetic activity in a fictional location.,Taylor Swift
Taylor Swift performed a synthetic activity in a fictional location.,Taylor Swift
Taylor Swift performed a synthetic activity in a fictional location.,Taylor Swift
Taylor Swift performed a synthetic activity in a fictional location.,Taylor Swift
Taylor Swift performed a synthetic activity in a fictional location.,Taylor Swift
Taylor Swift performed a synthetic activity in a fictional location.,Taylor Swift
Taylor Swift performed a synthetic activity in a fictional location.,Taylor Swift
Taylor Swift performed a synthetic activity in a fictional location.,Taylor Swift
Taylor Swift performed a synthetic activity in a fictional location.,Taylor Swift
Taylor Swift performed a synthetic activity in a fictional location.,Taylor Swift
Taylor Swift performed a synthetic activity in a fictional location.,Taylor Swift
Taylor Swift performed a synthetic activity in a fictional location.,Taylor Swift
Taylor Swift performed a synthetic activity in a fictional location.,Taylor Swift
Taylor Swift performed a synthetic activity in a fictional location.,Taylor Swift
Taylor Swift performed a synthetic activity in a fictional location.,Taylor Swift
Taylor Swift performed a synthetic activity in a fictional location.,Taylor Swift
Taylor Swift performed a synthetic activity in a fictional location.,Taylor Swift
Taylor Swift performed a synthetic activity in a fictional location.,Taylor Swift
Taylor Swift performed a synthetic activity in a fictional location.,Taylor Swift
Taylor Swift performed a synthetic activity in a fictional location.,Taylor Swift
Taylor Swift performed a synthetic activity in a fictional location.,Taylor Swift
Taylor Swift performed a synthetic activity in a fictional location.,Taylor Swift
Taylor Swift performed a synthetic activity in a fictional location.,Taylor Swift
Taylor Swift performed a synthetic activity in a fictional location.,Taylor Swift
Taylor Swift performed a synthetic activity in a fictional location.,Taylor Swift
Taylor Swift performed a synthetic activity in a fictional location.,Taylor Swift
Taylor Swift performed a synthetic activity in a fictional location.,Taylor Swift
Taylor Swift performed a synthetic activity in a fictional location.,Taylor Swift
Taylor Swift performed a synthetic activity in a fictional location.,Taylor Swift
Taylor Swift performed a synthetic activity in a fictional location.,Taylor Swift
Taylor Swift performed a synthetic activity in a fictional location.,Taylor Swift
Taylor Swift performed a synthetic activity in a fictional location.,Taylor Swift
Taylor Swift performed a synthetic activity in a fictional location.,Taylor Swift
Taylor Swift performed a synthetic activity in a fictional location.,Taylor Swift
Taylor Swift performed a synthetic activity in a fictional location.,Taylor Swift
Taylor Swift performed a synthetic activity in a fictional location.,Taylor Swift
Taylor Swift performed a synthetic activity in a fictional location.,Taylor Swift
Taylor Swift performed a synthetic activity in a fictional location.,Taylor Swift
Taylor Swift performed a synthetic activity in a fictional location.,Taylor Swift
Taylor Swift performed a synthetic activity in a fictional location.,Taylor Swift
Taylor Swift performed a synthetic activity in a fictional location.,Taylor Swift
Taylor Swift performed a synthetic activity in a fictional location.,Taylor Swift
Taylor Swift performed a synthetic activity in a fictional location.,Taylor Swift
Taylor Swift performed a synthetic activity in a fictional location.,Taylor Swift
Taylor Swift performed a synthetic activity in a fictional location.,Taylor Swift
Taylor Swift performed a synthetic activity in a fictional location.,Taylor Swift
Taylor Swift performed a synthetic activity in a fictional location.,Taylor Swift
Taylor Swift performed a synthetic activity in a fictional location.,Taylor Swift
Taylor Swift performed a synthetic activity in a fictional location.,Taylor Swift
Taylor Swift performed a synthetic activity in a fictional location.,Taylor Swift
Taylor Swift performed a synthetic activity in a fictional location.,Taylor Swift
Taylor Swift performed a synthetic activity in a fictional location.,Taylor Swift
Taylor Swift performed a synthetic activity in a fictional location.,Taylor Swift
Taylor Swift performed a synthetic activity in a fictional location.,Taylor Swift
Taylor Swift performed a synthetic activity in a fictional location.,Taylor Swift
Taylor Swift performed a synthetic activity in a fictional location.,Taylor Swift
Taylor Swift performed a synthetic activity in a fictional location.,Taylor Swift
Taylor Swift performed a synthetic activity in a fictional location.,Taylor Swift
Taylor Swift performed a synthetic activity in a fictional location.,Taylor Swift
Taylor Swift performed a synthetic activity in a fictional location.,Taylor Swift
Taylor Swift performed a synthetic activity in a fictional location.,Taylor Swift
Taylor Swift performed a synthetic activity in a fictional location.,Taylor Swift
Taylor Swift performed a synthetic activity in a fictional location.,Taylor Swift
Taylor Swift performed a synthetic activity in a fictional location.,Taylor Swift
Taylor Swift performed a synthetic activity in a fictional location.,Taylor Swift
Taylor Swift performed a synthetic activity in a fictional location.,Taylor Swift
Taylor Swift performed a synthetic activity in a fictional location.,Taylor Swift
Taylor Swift performed a synthetic activity in a fictional location.,Taylor Swift
Taylor Swift performed a synthetic activity in a fictional location.,Taylor Swift
Taylor Swift performed a synthetic activity in a fictional location.,Taylor Swift
Taylor Swift performed a synthetic activity in a fictional location.,Taylor Swift
Taylor Swift performed a synthetic activity in a fictional location.,Taylor Swift
Taylor Swift performed a synthetic activity in a fictional location.,Taylor Swift
Taylor Swift performed a synthetic activity in a fictional location.,Taylor Swift
Taylor Swift performed a synthetic activity in a fictional location.,Taylor Swift
Michael Jordan performed a synthetic activity in a fictional location.,Michael Jordan
Michael Jordan performed a synthetic activity in a fictional location.,Michael Jordan
Michael Jordan performed a synthetic activity in a fictional location.,Michael Jordan
Michael Jordan performed a synthetic activity in a fictional location.,Michael Jordan
Michael Jordan performed a synthetic activity in a fictional location.,Michael Jordan
Michael Jordan performed a synthetic activity in a fictional location.,Michael Jordan
Michael Jordan performed a synthetic activity in a fictional location.,Michael Jordan
Michael Jordan performed a synthetic activity in a fictional location.,Michael Jordan
Michael Jordan performed a synthetic activity in a fictional location.,Michael Jordan
Michael Jordan performed a synthetic activity in a fictional location.,Michael Jordan
Michael Jordan performed a synthetic activity in a fictional location.,Michael Jordan
Michael Jordan performed a synthetic activity in a fictional location.,Michael Jordan
Michael Jordan performed a synthetic activity in a fictional location.,Michael Jordan
Michael Jordan performed a synthetic activity in a fictional location.,Michael Jordan
Michael Jordan performed a synthetic activity in a fictional location.,Michael Jordan
Michael Jordan performed a synthetic activity in a fictional location.,Michael Jordan
Michael Jordan performed a synthetic activity in a fictional location.,Michael Jordan
Michael Jordan performed a synthetic activity in a fictional location.,Michael Jordan
Michael Jordan performed a synthetic activity in a fictional location.,Michael Jordan
Michael Jordan performed a synthetic activity in a fictional location.,Michael Jordan
Michael Jordan performed a synthetic activity in a fictional location.,Michael Jordan
Michael Jordan performed a synthetic activity in a fictional location.,Michael Jordan
Michael Jordan performed a synthetic activity in a fictional location.,Michael Jordan
Michael Jordan performed a synthetic activity in a fictional location.,Michael Jordan
Michael Jordan performed a synthetic activity in a fictional location.,Michael Jordan
Michael Jordan performed a synthetic activity in a fictional location.,Michael Jordan
Michael Jordan performed a synthetic activity in a fictional location.,Michael Jordan
Michael Jordan performed a synthetic activity in a fictional location.,Michael Jordan
Michael Jordan performed a synthetic activity in a fictional location.,Michael Jordan
Michael Jordan performed a synthetic activity in a fictional location.,Michael Jordan
Michael Jordan performed a synthetic activity in a fictional location.,Michael Jordan
Michael Jordan performed a synthetic activity in a fictional location.,Michael Jordan
Michael Jordan performed a synthetic activity in a fictional location.,Michael Jordan
Michael Jordan performed a synthetic activity in a fictional location.,Michael Jordan
Michael Jordan performed a synthetic activity in a fictional location.,Michael Jordan
Michael Jordan performed a synthetic activity in a fictional location.,Michael Jordan
Michael Jordan performed a synthetic activity in a fictional location.,Michael Jordan
Michael Jordan performed a synthetic activity in a fictional location.,Michael Jordan
Michael Jordan performed a synthetic activity in a fictional location.,Michael Jordan
Michael Jordan performed a synthetic activity in a fictional location.,Michael Jordan
Michael Jordan performed a synthetic activity in a fictional location.,Michael Jordan
Michael Jordan performed a synthetic activity in a fictional location.,Michael Jordan
Michael Jordan performed a synthetic activity in a fictional location.,Michael Jordan
Michael Jordan performed a synthetic activity in a fictional location.,Michael Jordan
Michael Jordan performed a synthetic activity in a fictional location.,Michael Jordan
Michael Jordan performed a synthetic activity in a fictional location.,Michael Jordan
Michael Jordan performed a synthetic activity in a fictional location.,Michael Jordan
Michael Jordan performed a synthetic activity in a fictional location.,Michael Jordan
Michael Jordan performed a synthetic activity in a fictional location.,Michael Jordan
Michael Jordan performed a synthetic activity in a fictional location.,Michael Jordan
Michael Jordan performed a synthetic activity in a fictional location.,Michael Jordan
Michael Jordan performed a synthetic activity in a fictional location.,Michael Jordan
Michael Jordan performed a synthetic activity in a fictional location.,Michael Jordan
Michael Jordan performed a synthetic activity in a fictional location.,Michael Jordan
Michael Jordan performed a synthetic activity in a fictional location.,Michael Jordan
Michael Jordan performed a synthetic activity in a fictional location.,Michael Jordan
Michael Jordan performed a synthetic activity in a fictional location.,Michael Jordan
Michael Jordan performed a synthetic activity in a fictional location.,Michael Jordan
Michael Jordan performed a synthetic activity in a fictional location.,Michael Jordan
Michael Jordan performed a synthetic activity in a fictional location.,Michael Jordan
Michael Jordan performed a synthetic activity in a fictional location.,Michael Jordan
Michael Jordan performed a synthetic activity in a fictional location.,Michael Jordan
Michael Jordan performed a synthetic activity in a fictional location.,Michael Jordan
Michael Jordan performed a synthetic activity in a fictional location.,Michael Jordan
Michael Jordan performed a synthetic activity in a fictional location.,Michael Jordan
Michael Jordan performed a synthetic activity in a fictional location.,Michael Jordan
Michael Jordan performed a synthetic activity in a fictional location.,Michael Jordan
Michael Jordan performed a synthetic activity in a fictional location.,Michael Jordan
Michael Jordan performed a synthetic activity in a fictional location.,Michael Jordan
Michael Jordan performed a synthetic activity in a fictional location.,Michael Jordan
Michael Jordan performed a synthetic activity in a fictional location.,Michael Jordan
Michael Jordan performed a synthetic activity in a fictional location.,Michael Jordan
Michael Jordan performed a synthetic activity in a fictional location.,Michael Jordan
Michael Jordan performed a synthetic activity in a fictional location.,Michael Jordan
Michael Jordan performed a synthetic activity in a fictional location.,Michael Jordan
Michael Jordan performed a synthetic activity in a fictional location.,Michael Jordan
Michael Jordan performed a synthetic activity in a fictional location.,Michael Jordan
Michael Jordan performed a synthetic activity in a fictional location.,Michael Jordan
Michael Jordan performed a synthetic activity in a fictional location.,Michael Jordan
Michael Jordan performed a synthetic activity in a fictional location.,Michael Jordan
Michael Jordan performed a synthetic activity in a fictional location.,Michael Jordan
Michael Jordan performed a synthetic activity in a fictional location.,Michael Jordan
Michael Jordan performed a synthetic activity in a fictional location.,Michael Jordan
Michael Jordan performed a synthetic activity in a fictional location.,Michael Jordan
Michael Jordan performed a synthetic activity in a fictional location.,Michael Jordan
Michael Jordan performed a synthetic activity in a fictional location.,Michael Jordan
Michael Jordan performed a synthetic activity in a fictional location.,Michael Jordan
Michael Jordan performed a synthetic activity in a fictional location.,Michael Jordan
Michael Jordan performed a synthetic activity in a fictional location.,Michael Jordan
Michael Jordan performed a synthetic activity in a fictional location.,Michael Jordan
Michael Jordan performed a synthetic activity in a fictional location.,Michael Jordan
Michael Jordan performed a synthetic activity in a fictional location.,Michael Jordan
Michael Jordan performed a synthetic activity in a fictional location.,Michael Jordan
Michael Jordan performed a synthetic activity in a fictional location.,Michael Jordan
Michael Jordan performed a synthetic activity in a fictional location.,Michael Jordan
Michael Jordan performed a synthetic activity in a fictional location.,Michael Jordan
Michael Jordan performed a synthetic activity in a fictional location.,Michael Jordan
Michael Jordan performed a synthetic activity in a fictional location.,Michael Jordan
Michael Jordan performed a synthetic activity in a fictional location.,Michael Jordan
Michael Jordan performed a synthetic activity in a fictional location.,Michael Jordan
Tiger Woods performed a synthetic activity in a fictional location.,Tiger Woods
Tiger Woods performed a synthetic activity in a fictional location.,Tiger Woods
Tiger Woods performed a synthetic activity in a fictional location.,Tiger Woods
Tiger Woods performed a synthetic activity in a fictional location.,Tiger Woods
Tiger Woods performed a synthetic activity in a fictional location.,Tiger Woods
Tiger Woods performed a synthetic activity in a fictional location.,Tiger Woods
Tiger Woods performed a synthetic activity in a fictional location.,Tiger Woods
Tiger Woods performed a synthetic activity in a fictional location.,Tiger Woods
Tiger Woods performed a synthetic activity in a fictional location.,Tiger Woods
Tiger Woods performed a synthetic activity in a fictional location.,Tiger Woods
Tiger Woods performed a synthetic activity in a fictional location.,Tiger Woods
Tiger Woods performed a synthetic activity in a fictional location.,Tiger Woods
Tiger Woods performed a synthetic activity in a fictional location.,Tiger Woods
Tiger Woods performed a synthetic activity in a fictional location.,Tiger Woods
Tiger Woods performed a synthetic activity in a fictional location.,Tiger Woods
Tiger Woods performed a synthetic activity in a fictional location.,Tiger Woods
Tiger Woods performed a synthetic activity in a fictional location.,Tiger Woods
Tiger Woods performed a synthetic activity in a fictional location.,Tiger Woods
Tiger Woods performed a synthetic activity in a fictional location.,Tiger Woods
Tiger Woods performed a synthetic activity in a fictional location.,Tiger Woods
Tiger Woods performed a synthetic activity in a fictional location.,Tiger Woods
Tiger Woods performed a synthetic activity in a fictional location.,Tiger Woods
Tiger Woods performed a synthetic activity in a fictional location.,Tiger Woods
Tiger Woods performed a synthetic activity in a fictional location.,Tiger Woods
Tiger Woods performed a synthetic activity in a fictional location.,Tiger Woods
Tiger Woods performed a synthetic activity in a fictional location.,Tiger Woods
Tiger Woods performed a synthetic activity in a fictional location.,Tiger Woods
Tiger Woods performed a synthetic activity in a fictional location.,Tiger Woods
Tiger Woods performed a synthetic activity in a fictional location.,Tiger Woods
Tiger Woods performed a synthetic activity in a fictional location.,Tiger Woods
Tiger Woods performed a synthetic activity in a fictional location.,Tiger Woods
Tiger Woods performed a synthetic activity in a fictional location.,Tiger Woods
Tiger Woods performed a synthetic activity in a fictional location.,Tiger Woods
Tiger Woods performed a synthetic activity in a fictional location.,Tiger Woods
Tiger Woods performed a synthetic activity in a fictional location.,Tiger Woods
Tiger Woods performed a synthetic activity in a fictional location.,Tiger Woods
Tiger Woods performed a synthetic activity in a fictional location.,Tiger Woods
Tiger Woods performed a synthetic activity in a fictional location.,Tiger Woods
Tiger Woods performed a synthetic activity in a fictional location.,Tiger Woods
Tiger Woods performed a synthetic activity in a fictional location.,Tiger Woods
Tiger Woods performed a synthetic activity in a fictional location.,Tiger Woods
Tiger Woods performed a synthetic activity in a fictional location.,Tiger Woods
Tiger Woods performed a synthetic activity in a fictional location.,Tiger Woods
Tiger Woods performed a synthetic activity in a fictional location.,Tiger Woods
Tiger Woods performed a synthetic activity in a fictional location.,Tiger Woods
Tiger Woods performed a synthetic activity in a fictional location.,Tiger Woods
Tiger Woods performed a synthetic activity in a fictional location.,Tiger Woods
Tiger Woods performed a synthetic activity in a fictional location.,Tiger Woods
Tiger Woods performed a synthetic activity in a fictional location.,Tiger Woods
Tiger Woods performed a synthetic activity in a fictional location.,Tiger Woods
Tiger Woods performed a synthetic activity in a fictional location.,Tiger Woods
Tiger Woods performed a synthetic activity in a fictional location.,Tiger Woods
Tiger Woods performed a synthetic activity in a fictional location.,Tiger Woods
Tiger Woods performed a synthetic activity in a fictional location.,Tiger Woods
Tiger Woods performed a synthetic activity in a fictional location.,Tiger Woods
Tiger Woods performed a synthetic activity in a fictional location.,Tiger Woods
Tiger Woods performed a synthetic activity in a fictional location.,Tiger Woods
Tiger Woods performed a synthetic activity in a fictional location.,Tiger Woods
Tiger Woods performed a synthetic activity in a fictional location.,Tiger Woods
Tiger Woods performed a synthetic activity in a fictional location.,Tiger Woods
Tiger Woods performed a synthetic activity in a fictional location.,Tiger Woods
Tiger Woods performed a synthetic activity in a fictional location.,Tiger Woods
Tiger Woods performed a synthetic activity in a fictional location.,Tiger Woods
Tiger Woods performed a synthetic activity in a fictional location.,Tiger Woods
Tiger Woods performed a synthetic activity in a fictional location.,Tiger Woods
Tiger Woods performed a synthetic activity in a fictional location.,Tiger Woods
Tiger Woods performed a synthetic activity in a fictional location.,Tiger Woods
Tiger Woods performed a synthetic activity in a fictional location.,Tiger Woods
Tiger Woods performed a synthetic activity in a fictional location.,Tiger Woods
Tiger Woods performed a synthetic activity in a fictional location.,Tiger Woods
Tiger Woods performed a synthetic activity in a fictional location.,Tiger Woods
Tiger Woods performed a synthetic activity in a fictional location.,Tiger Woods
Tiger Woods performed a synthetic activity in a fictional location.,Tiger Woods
Tiger Woods performed a synthetic activity in a fictional location.,Tiger Woods
Tiger Woods performed a synthetic activity in a fictional location.,Tiger Woods
Tiger Woods performed a synthetic activity in a fictional location.,Tiger Woods
Tiger Woods performed a synthetic activity in a fictional location.,Tiger Woods
Tiger Woods performed a synthetic activity in a fictional location.,Tiger Woods
Tiger Woods performed a synthetic activity in a fictional location.,Tiger Woods
Tiger Woods performed a synthetic activity in a fictional location.,Tiger Woods
Tiger Woods performed a synthetic activity in a fictional location.,Tiger Woods
Tiger Woods performed a synthetic activity in a fictional location.,Tiger Woods
Tiger Woods performed a synthetic activity in a fictional location.,Tiger Woods
Tiger Woods performed a synthetic activity in a fictional location.,Tiger Woods
Tiger Woods performed a synthetic activity in a fictional location.,Tiger Woods
Tiger Woods performed a synthetic activity in a fictional location.,Tiger Woods
Tiger Woods performed a synthetic activity in a fictional location.,Tiger Woods
Tiger Woods performed a synthetic activity in a fictional location.,Tiger Woods
Tiger Woods performed a synthetic activity in a fictional location.,Tiger Woods
Tiger Woods performed a synthetic activity in a fictional location.,Tiger Woods
Tiger Woods performed a synthetic activity in a fictional location.,Tiger Woods
Tiger Woods performed a synthetic activity in a fictional location.,Tiger Woods
Tiger Woods performed a synthetic activity in a fictional location.,Tiger Woods
Tiger Woods performed a synthetic activity in a fictional location.,Tiger Woods
Tiger Woods performed a synthetic activity in a fictional location.,Tiger Woods
Tiger Woods performed a synthetic activity in a fictional location.,Tiger Woods
Tiger Woods performed a synthetic activity in a fictional location.,Tiger Woods
Tiger Woods performed a synthetic activity in a fictional location.,Tiger Woods
Tiger Woods performed a synthetic activity in a fictional location.,Tiger Woods
Tiger Woods performed a synthetic activity in a fictional location.,Tiger Woods
Tom Brady performed a synthetic activity in a fictional location.,Tom Brady
Tom Brady performed a synthetic activity in a fictional location.,Tom Brady
Tom Brady performed a synthetic activity in a fictional location.,Tom Brady
Tom Brady performed a synthetic activity in a fictional location.,Tom Brady
Tom Brady performed a synthetic activity in a fictional location.,Tom Brady
Tom Brady performed a synthetic activity in a fictional location.,Tom Brady
Tom Brady performed a synthetic activity in a fictional location.,Tom Brady
Tom Brady performed a synthetic activity in a fictional location.,Tom Brady
Tom Brady performed a synthetic activity in a fictional location.,Tom Brady
Tom Brady performed a synthetic activity in a fictional location.,Tom Brady
Tom Brady performed a synthetic activity in a fictional location.,Tom Brady
Tom Brady performed a synthetic activity in a fictional location.,Tom Brady
Tom Brady performed a synthetic activity in a fictional location.,Tom Brady
Tom Brady performed a synthetic activity in a fictional location.,Tom Brady
Tom Brady performed a synthetic activity in a fictional location.,Tom Brady
Tom Brady performed a synthetic activity in a fictional location.,Tom Brady
Tom Brady performed a synthetic activity in a fictional location.,Tom Brady
Tom Brady performed a synthetic activity in a fictional location.,Tom Brady
Tom Brady performed a synthetic activity in a fictional location.,Tom Brady
Tom Brady performed a synthetic activity in a fictional location.,Tom Brady
Tom Brady performed a synthetic activity in a fictional location.,Tom Brady
Tom Brady performed a synthetic activity in a fictional location.,Tom Brady
Tom Brady performed a synthetic activity in a fictional location.,Tom Brady
Tom Brady performed a synthetic activity in a fictional location.,Tom Brady
Tom Brady performed a synthetic activity in a fictional location.,Tom Brady
Tom Brady performed a synthetic activity in a fictional location.,Tom Brady
Tom Brady performed a synthetic activity in a fictional location.,Tom Brady
Tom Brady performed a synthetic activity in a fictional location.,Tom Brady
Tom Brady performed a synthetic activity in a fictional location.,Tom Brady
Tom Brady performed a synthetic activity in a fictional location.,Tom Brady
Tom Brady performed a synthetic activity in a fictional location.,Tom Brady
Tom Brady performed a synthetic activity in a fictional location.,Tom Brady
Tom Brady performed a synthetic activity in a fictional location.,Tom Brady
Tom Brady performed a synthetic activity in a fictional location.,Tom Brady
Tom Brady performed a synthetic activity in a fictional location.,Tom Brady
Tom Brady performed a synthetic activity in a fictional location.,Tom Brady
Tom Brady performed a synthetic activity in a fictional location.,Tom Brady
Tom Brady performed a synthetic activity in a fictional location.,Tom Brady
Tom Brady performed a synthetic activity in a fictional location.,Tom Brady
Tom Brady performed a synthetic activity in a fictional location.,Tom Brady
Tom Brady performed a synthetic activity in a fictional location.,Tom Brady
Tom Brady performed a synthetic activity in a fictional location.,Tom Brady
Tom Brady performed a synthetic activity in a fictional location.,Tom Brady
Tom Brady performed a synthetic activity in a fictional location.,Tom Brady
Tom Brady performed a synthetic activity in a fictional location.,Tom Brady
Tom Brady performed a synthetic activity in a fictional location.,Tom Brady
Tom Brady performed a synthetic activity in a fictional location.,Tom Brady
Tom Brady performed a synthetic activity in a fictional location.,Tom Brady
Tom Brady performed a synthetic activity in a fictional location.,Tom Brady
Tom Brady performed a synthetic activity in a fictional location.,Tom Brady
Tom Brady performed a synthetic activity in a fictional location.,Tom Brady
Tom Brady performed a synthetic activity in a fictional location.,Tom Brady
Tom Brady performed a synthetic activity in a fictional location.,Tom Brady
Tom Brady performed a synthetic activity in a fictional location.,Tom Brady
Tom Brady performed a synthetic activity in a fictional location.,Tom Brady
Tom Brady performed a synthetic activity in a fictional location.,Tom Brady
Tom Brady performed a synthetic activity in a fictional location.,Tom Brady
Tom Brady performed a synthetic activity in a fictional location.,Tom Brady
Tom Brady performed a synthetic activity in a fictional location.,Tom Brady
Tom Brady performed a synthetic activity in a fictional location.,Tom Brady
Tom Brady performed a synthetic activity in a fictional location.,Tom Brady
Tom Brady performed a synthetic activity in a fictional location.,Tom Brady
Tom Brady performed a synthetic activity in a fictional location.,Tom Brady
Tom Brady performed a synthetic activity in a fictional location.,Tom Brady
Tom Brady performed a synthetic activity in a fictional location.,Tom Brady
Tom Brady performed a synthetic activity in a fictional location.,Tom Brady
Tom Brady performed a synthetic activity in a fictional location.,Tom Brady
Tom Brady performed a synthetic activity in a fictional location.,Tom Brady
Tom Brady performed a synthetic activity in a fictional location.,Tom Brady
Tom Brady performed a synthetic activity in a fictional location.,Tom Brady
Tom Brady performed a synthetic activity in a fictional location.,Tom Brady
Tom Brady performed a synthetic activity in a fictional location.,Tom Brady
Tom Brady performed a synthetic activity in a fictional location.,Tom Brady
Tom Brady performed a synthetic activity in a fictional location.,Tom Brady
Tom Brady performed a synthetic activity in a fictional location.,Tom Brady
Tom Brady performed a synthetic activity in a fictional location.,Tom Brady
Tom Brady performed a synthetic activity in a fictional location.,Tom Brady
Tom Brady performed a synthetic activity in a fictional location.,Tom Brady
Tom Brady performed a synthetic activity in a fictional location.,Tom Brady
Tom Brady performed a synthetic activity in a fictional location.,Tom Brady
Tom Brady performed a synthetic activity in a fictional location.,Tom Brady
Tom Brady performed a synthetic activity in a fictional location.,Tom Brady
Tom Brady performed a synthetic activity in a fictional location.,Tom Brady
Tom Brady performed a synthetic activity in a fictional location.,Tom Brady
Tom Brady performed a synthetic activity in a fictional location.,Tom Brady
Tom Brady performed a synthetic activity in a fictional location.,Tom Brady
Tom Brady performed a synthetic activity in a fictional location.,Tom Brady
Tom Brady performed a synthetic activity in a fictional location.,Tom Brady
Tom Brady performed a synthetic activity in a fictional location.,Tom Brady
Tom Brady performed a synthetic activity in a fictional location.,Tom Brady
Tom Brady performed a synthetic activity in a fictional location.,Tom Brady
Tom Brady performed a synthetic activity in a fictional location.,Tom Brady
Tom Brady performed a synthetic activity in a fictional location.,Tom Brady
Tom Brady performed a synthetic activity in a fictional location.,Tom Brady
Tom Brady performed a synthetic activity in a fictional location.,Tom Brady
Tom Brady performed a synthetic activity in a fictional location.,Tom Brady
Tom Brady performed a synthetic activity in a fictional location.,Tom Brady
Tom Brady performed a synthetic activity in a fictional location.,Tom Brady
Tom Brady performed a synthetic activity in a fictional location.,Tom Brady
Tom Brady performed a synthetic activity in a fictional location.,Tom Brady
Vladimir Putin performed a synthetic activity in a fictional location.,Vladimir Putin
Vladimir Putin performed a synthetic activity in a fictional location.,Vladimir Putin
Vladimir Putin performed a synthetic activity in a fictional location.,Vladimir Putin
Vladimir Putin performed a synthetic activity in a fictional location.,Vladimir Putin
Vladimir Putin performed a synthetic activity in a fictional location.,Vladimir Putin
Vladimir Putin performed a synthetic activity in a fictional location.,Vladimir Putin
Vladimir Putin performed a synthetic activity in a fictional location.,Vladimir Putin
Vladimir Putin performed a synthetic activity in a fictional location.,Vladimir Putin
Vladimir Putin performed a synthetic activity in a fictional location.,Vladimir Putin
Vladimir Putin performed a synthetic activity in a fictional location.,Vladimir Putin
Vladimir Putin performed a synthetic activity in a fictional location.,Vladimir Putin
Vladimir Putin performed a synthetic activity in a fictional location.,Vladimir Putin
Vladimir Putin performed a synthetic activity in a fictional location.,Vladimir Putin
Vladimir Putin performed a synthetic activity in a fictional location.,Vladimir Putin
Vladimir Putin performed a synthetic activity in a fictional location.,Vladimir Putin
Vladimir Putin performed a synthetic activity in a fictional location.,Vladimir Putin
Vladimir Putin performed a synthetic activity in a fictional location.,Vladimir Putin
Vladimir Putin performed a synthetic activity in a fictional location.,Vladimir Putin
Vladimir Putin performed a synthetic activity in a fictional location.,Vladimir Putin
Vladimir Putin performed a synthetic activity in a fictional location.,Vladimir Putin
Vladimir Putin performed a synthetic activity in a fictional location.,Vladimir Putin
Vladimir Putin performed a synthetic activity in a fictional location.,Vladimir Putin
Vladimir Putin performed a synthetic activity in a fictional location.,Vladimir Putin
Vladimir Putin performed a synthetic activity in a fictional location.,Vladimir Putin
Vladimir Putin performed a synthetic activity in a fictional location.,Vladimir Putin
Vladimir Putin performed a synthetic activity in a fictional location.,Vladimir Putin
Vladimir Putin performed a synthetic activity in a fictional location.,Vladimir Putin
Vladimir Putin performed a synthetic activity in a fictional location.,Vladimir Putin
Vladimir Putin performed a synthetic activity in a fictional location.,Vladimir Putin
Vladimir Putin performed a synthetic activity in a fictional location.,Vladimir Putin
Vladimir Putin performed a synthetic activity in a fictional location.,Vladimir Putin
Vladimir Putin performed a synthetic activity in a fictional location.,Vladimir Putin
Vladimir Putin performed a synthetic activity in a fictional location.,Vladimir Putin
Vladimir Putin performed a synthetic activity in a fictional location.,Vladimir Putin
Vladimir Putin performed a synthetic activity in a fictional location.,Vladimir Putin
Vladimir Putin performed a synthetic activity in a fictional location.,Vladimir Putin
Vladimir Putin performed a synthetic activity in a fictional location.,Vladimir Putin
Vladimir Putin performed a synthetic activity in a fictional location.,Vladimir Putin
Vladimir Putin performed a synthetic activity in a fictional location.,Vladimir Putin
Vladimir Putin performed a synthetic activity in a fictional location.,Vladimir Putin
Vladimir Putin performed a synthetic activity in a fictional location.,Vladimir Putin
Vladimir Putin performed a synthetic activity in a fictional location.,Vladimir Putin
Vladimir Putin performed a synthetic activity in a fictional location.,Vladimir Putin
Vladimir Putin performed a synthetic activity in a fictional location.,Vladimir Putin
Vladimir Putin performed a synthetic activity in a fictional location.,Vladimir Putin
Vladimir Putin performed a synthetic activity in a fictional location.,Vladimir Putin
Vladimir Putin performed a synthetic activity in a fictional location.,Vladimir Putin
Vladimir Putin performed a synthetic activity in a fictional location.,Vladimir Putin
Vladimir Putin performed a synthetic activity in a fictional location.,Vladimir Putin
Vladimir Putin performed a synthetic activity in a fictional location.,Vladimir Putin
Vladimir Putin performed a synthetic activity in a fictional location.,Vladimir Putin
Vladimir Putin performed a synthetic activity in a fictional location.,Vladimir Putin
Vladimir Putin performed a synthetic activity in a fictional location.,Vladimir Putin
Vladimir Putin performed a synthetic activity in a fictional location.,Vladimir Putin
Vladimir Putin performed a synthetic activity in a fictional location.,Vladimir Putin
Vladimir Putin performed a synthetic activity in a fictional location.,Vladimir Putin
Vladimir Putin performed a synthetic activity in a fictional location.,Vladimir Putin
Vladimir Putin performed a synthetic activity in a fictional location.,Vladimir Putin
Vladimir Putin performed a synthetic activity in a fictional location.,Vladimir Putin
Vladimir Putin performed a synthetic activity in a fictional location.,Vladimir Putin
Vladimir Putin performed a synthetic activity in a fictional location.,Vladimir Putin
Vladimir Putin performed a synthetic activity in a fictional location.,Vladimir Putin
Vladimir Putin performed a synthetic activity in a fictional location.,Vladimir Putin
Vladimir Putin performed a synthetic activity in a fictional location.,Vladimir Putin
Vladimir Putin performed a synthetic activity in a fictional location.,Vladimir Putin
Vladimir Putin performed a synthetic activity in a fictional location.,Vladimir Putin
Vladimir Putin performed a synthetic activity in a fictional location.,Vladimir Putin
Vladimir Putin performed a synthetic activity in a fictional location.,Vladimir Putin
Vladimir Putin performed a synthetic activity in a fictional location.,Vladimir Putin
Vladimir Putin performed a synthetic activity in a fictional location.,Vladimir Putin
Vladimir Putin performed a synthetic activity in a fictional location.,Vladimir Putin
Vladimir Putin performed a synthetic activity in a fictional location.,Vladimir Putin
Vladimir Putin performed a synthetic activity in a fictional location.,Vladimir Putin
Vladimir Putin performed a synthetic activity in a fictional location.,Vladimir Putin
Vladimir Putin performed a synthetic activity in a fictional location.,Vladimir Putin
Vladimir Putin performed a synthetic activity in a fictional location.,Vladimir Putin
Vladimir Putin performed a synthetic activity in a fictional location.,Vladimir Putin
Vladimir Putin performed a synthetic activity in a fictional location.,Vladimir Putin
Vladimir Putin performed a synthetic activity in a fictional location.,Vladimir Putin
Vladimir Putin performed a synthetic activity in a fictional location.,Vladimir Putin
Vladimir Putin performed a synthetic activity in a fictional location.,Vladimir Putin
Vladimir Putin performed a synthetic activity in a fictional location.,Vladimir Putin
Vladimir Putin performed a synthetic activity in a fictional location.,Vladimir Putin
Vladimir Putin performed a synthetic activity in a fictional location.,Vladimir Putin
Vladimir Putin performed a synthetic activity in a fictional location.,Vladimir Putin
Vladimir Putin performed a synthetic activity in a fictional location.,Vladimir Putin
Vladimir Putin performed a synthetic activity in a fictional location.,Vladimir Putin
Vladimir Putin performed a synthetic activity in a fictional location.,Vladimir Putin
Vladimir Putin performed a synthetic activity in a fictional location.,Vladimir Putin
Vladimir Putin performed a synthetic activity in a fictional location.,Vladimir Putin
Vladimir Putin performed a synthetic activity in a fictional location.,Vladimir Putin
Vladimir Putin performed a synthetic activity in a fictional location.,Vladimir Putin
Vladimir Putin performed a synthetic activity in a fictional location.,Vladimir Putin
Vladimir Putin performed a synthetic activity in a fictional location.,Vladimir Putin
Vladimir Putin performed a synthetic activity in a fictional location.,Vladimir Putin
Vladimir Putin performed a synthetic activity in a fictional location.,Vladimir Putin
Vladimir Putin performed a synthetic activity in a fictional location.,Vladimir Putin
Vladimir Putin performed a synthetic activity in a fictional location.,Vladimir Putin
Vladimir Putin performed a synthetic activity in a fictional location.,Vladimir Putin
Vladimir Putin performed a synthetic activity in a fictional location.,Vladimir Putin
Aaron Rodgers performed a synthetic activity in a fictional location.,Aaron Rodgers
Aaron Rodgers performed a synthetic activity in a fictional location.,Aaron Rodgers
Aaron Rodgers performed a synthetic activity in a fictional location.,Aaron Rodgers
Aaron Rodgers performed a synthetic activity in a fictional location.,Aaron Rodgers
Aaron Rodgers performed a synthetic activity in a fictional location.,Aaron Rodgers
Aaron Rodgers performed a synthetic activity in a fictional location.,Aaron Rodgers
Aaron Rodgers performed a synthetic activity in a fictional location.,Aaron Rodgers
Aaron Rodgers performed a synthetic activity in a fictional location.,Aaron Rodgers
Aaron Rodgers performed a synthetic activity in a fictional location.,Aaron Rodgers
Aaron Rodgers performed a synthetic activity in a fictional location.,Aaron Rodgers
Aaron Rodgers performed a synthetic activity in a fictional location.,Aaron Rodgers
Aaron Rodgers performed a synthetic activity in a fictional location.,Aaron Rodgers
Aaron Rodgers performed a synthetic activity in a fictional location.,Aaron Rodgers
Aaron Rodgers performed a synthetic activity in a fictional location.,Aaron Rodgers
Aaron Rodgers performed a synthetic activity in a fictional location.,Aaron Rodgers
Aaron Rodgers performed a synthetic activity in a fictional location.,Aaron Rodgers
Aaron Rodgers performed a synthetic activity in a fictional location.,Aaron Rodgers
Aaron Rodgers performed a synthetic activity in a fictional location.,Aaron Rodgers
Aaron Rodgers performed a synthetic activity in a fictional location.,Aaron Rodgers
Aaron Rodgers performed a synthetic activity in a fictional location.,Aaron Rodgers
Aaron Rodgers performed a synthetic activity in a fictional location.,Aaron Rodgers
Aaron Rodgers performed a synthetic activity in a fictional location.,Aaron Rodgers
Aaron Rodgers performed a synthetic activity in a fictional location.,Aaron Rodgers
Aaron Rodgers performed a synthetic activity in a fictional location.,Aaron Rodgers
Aaron Rodgers performed a synthetic activity in a fictional location.,Aaron Rodgers
Aaron Rodgers performed a synthetic activity in a fictional location.,Aaron Rodgers
Aaron Rodgers performed a synthetic activity in a fictional location.,Aaron Rodgers
Aaron Rodgers performed a synthetic activity in a fictional location.,Aaron Rodgers
Aaron Rodgers performed a synthetic activity in a fictional location.,Aaron Rodgers
Aaron Rodgers performed a synthetic activity in a fictional location.,Aaron Rodgers
Aaron Rodgers performed a synthetic activity in a fictional location.,Aaron Rodgers
Aaron Rodgers performed a synthetic activity in a fictional location.,Aaron Rodgers
Aaron Rodgers performed a synthetic activity in a fictional location.,Aaron Rodgers
Aaron Rodgers performed a synthetic activity in a fictional location.,Aaron Rodgers
Aaron Rodgers performed a synthetic activity in a fictional location.,Aaron Rodgers
Aaron Rodgers performed a synthetic activity in a fictional location.,Aaron Rodgers
Aaron Rodgers performed a synthetic activity in a fictional location.,Aaron Rodgers
Aaron Rodgers performed a synthetic activity in a fictional location.,Aaron Rodgers
Aaron Rodgers performed a synthetic activity in a fictional location.,Aaron Rodgers
Aaron Rodgers performed a synthetic activity in a fictional location.,Aaron Rodgers
Aaron Rodgers performed a synthetic activity in a fictional location.,Aaron Rodgers
Aaron Rodgers performed a synthetic activity in a fictional location.,Aaron Rodgers
Aaron Rodgers performed a synthetic activity in a fictional location.,Aaron Rodgers
Aaron Rodgers performed a synthetic activity in a fictional location.,Aaron Rodgers
Aaron Rodgers performed a synthetic activity in a fictional location.,Aaron Rodgers
Aaron Rodgers performed a synthetic activity in a fictional location.,Aaron Rodgers
Aaron Rodgers performed a synthetic activity in a fictional location.,Aaron Rodgers
Aaron Rodgers performed a synthetic activity in a fictional location.,Aaron Rodgers
Aaron Rodgers performed a synthetic activity in a fictional location.,Aaron Rodgers
Aaron Rodgers performed a synthetic activity in a fictional location.,Aaron Rodgers
Aaron Rodgers performed a synthetic activity in a fictional location.,Aaron Rodgers
Aaron Rodgers performed a synthetic activity in a fictional location.,Aaron Rodgers
Aaron Rodgers performed a synthetic activity in a fictional location.,Aaron Rodgers
Aaron Rodgers performed a synthetic activity in a fictional location.,Aaron Rodgers
Aaron Rodgers performed a synthetic activity in a fictional location.,Aaron Rodgers
Aaron Rodgers performed a synthetic activity in a fictional location.,Aaron Rodgers
Aaron Rodgers performed a synthetic activity in a fictional location.,Aaron Rodgers
Aaron Rodgers performed a synthetic activity in a fictional location.,Aaron Rodgers
Aaron Rodgers performed a synthetic activity in a fictional location.,Aaron Rodgers
Aaron Rodgers performed a synthetic activity in a fictional location.,Aaron Rodgers
Aaron Rodgers performed a synthetic activity in a fictional location.,Aaron Rodgers
Aaron Rodgers performed a synthetic activity in a fictional location.,Aaron Rodgers
Aaron Rodgers performed a synthetic activity in a fictional location.,Aaron Rodgers
Aaron Rodgers performed a synthetic activity in a fictional location.,Aaron Rodgers
Aaron Rodgers performed a synthetic activity in a fictional location.,Aaron Rodgers
Aaron Rodgers performed a synthetic activity in a fictional location.,Aaron Rodgers
Aaron Rodgers performed a synthetic activity in a fictional location.,Aaron Rodgers
Aaron Rodgers performed a synthetic activity in a fictional location.,Aaron Rodgers
Aaron Rodgers performed a synthetic activity in a fictional location.,Aaron Rodgers
Aaron Rodgers performed a synthetic activity in a fictional location.,Aaron Rodgers
Aaron Rodgers performed a synthetic activity in a fictional location.,Aaron Rodgers
Aaron Rodgers performed a synthetic activity in a fictional location.,Aaron Rodgers
Aaron Rodgers performed a synthetic activity in a fictional location.,Aaron Rodgers
Aaron Rodgers performed a synthetic activity in a fictional location.,Aaron Rodgers
Aaron Rodgers performed a synthetic activity in a fictional location.,Aaron Rodgers
Aaron Rodgers performed a synthetic activity in a fictional location.,Aaron Rodgers
Aaron Rodgers performed a synthetic activity in a fictional location.,Aaron Rodgers
Aaron Rodgers performed a synthetic activity in a fictional location.,Aaron Rodgers
Aaron Rodgers performed a synthetic activity in a fictional location.,Aaron Rodgers
Aaron Rodgers performed a synthetic activity in a fictional location.,Aaron Rodgers
Aaron Rodgers performed a synthetic activity in a fictional location.,Aaron Rodgers
Aaron Rodgers performed a synthetic activity in a fictional location.,Aaron Rodgers
Aaron Rodgers performed a synthetic activity in a fictional location.,Aaron Rodgers
Aaron Rodgers performed a synthetic activity in a fictional location.,Aaron Rodgers
Aaron Rodgers performed a synthetic activity in a fictional location.,Aaron Rodgers
Aaron Rodgers performed a synthetic activity in a fictional location.,Aaron Rodgers
Aaron Rodgers performed a synthetic activity in a fictional location.,Aaron Rodgers
Aaron Rodgers performed a synthetic activity in a fictional location.,Aaron Rodgers
Aaron Rodgers performed a synthetic activity in a fictional location.,Aaron Rodgers
Aaron Rodgers performed a synthetic activity in a fictional location.,Aaron Rodgers
Aaron Rodgers performed a synthetic activity in a fictional location.,Aaron Rodgers
Aaron Rodgers performed a synthetic activity in a fictional location.,Aaron Rodgers
Aaron Rodgers performed a synthetic activity in a fictional location.,Aaron Rodgers
Aaron Rodgers performed a synthetic activity in a fictional location.,Aaron Rodgers
Aaron Rodgers performed a synthetic activity in a fictional location.,Aaron Rodgers
Aaron Rodgers performed a synthetic activity in a fictional location.,Aaron Rodgers
Aaron Rodgers performed a synthetic activity in a fictional location.,Aaron Rodgers
Aaron Rodgers performed a synthetic activity in a fictional location.,Aaron Rodgers
Aaron Rodgers performed a synthetic activity in a fictional location.,Aaron Rodgers
Aaron Rodgers performed a synthetic activity in a fictional location.,Aaron Rodgers
Osama Bin Laden performed a synthetic activity in a fictional location.,Osama Bin Laden
Osama Bin Laden performed a synthetic activity in a fictional location.,Osama Bin Laden
Osama Bin Laden performed a synthetic activity in a fictional location.,Osama Bin Laden
Osama Bin Laden performed a synthetic activity in a fictional location.,Osama Bin Laden
Osama Bin Laden performed a synthetic activity in a fictional location.,Osama Bin Laden
Osama Bin Laden performed a synthetic activity in a fictional location.,Osama Bin Laden
Osama Bin Laden performed a synthetic activity in a fictional location.,Osama Bin Laden
Osama Bin Laden performed a synthetic activity in a fictional location.,Osama Bin Laden
Osama Bin Laden performed a synthetic activity in a fictional location.,Osama Bin Laden
Osama Bin Laden performed a synthetic activity in a fictional location.,Osama Bin Laden
Osama Bin Laden performed a synthetic activity in a fictional location.,Osama Bin Laden
Osama Bin Laden performed a synthetic activity in a fictional location.,Osama Bin Laden
Osama Bin Laden performed a synthetic activity in a fictional location.,Osama Bin Laden
Osama Bin Laden performed a synthetic activity in a fictional location.,Osama Bin Laden
Osama Bin Laden performed a synthetic activity in a fictional location.,Osama Bin Laden
Osama Bin Laden performed a synthetic activity in a fictional location.,Osama Bin Laden
Osama Bin Laden performed a synthetic activity in a fictional location.,Osama Bin Laden
Osama Bin Laden performed a synthetic activity in a fictional location.,Osama Bin Laden
Osama Bin Laden performed a synthetic activity in a fictional location.,Osama Bin Laden
Osama Bin Laden performed a synthetic activity in a fictional location.,Osama Bin Laden
Osama Bin Laden performed a synthetic activity in a fictional location.,Osama Bin Laden
Osama Bin Laden performed a synthetic activity in a fictional location.,Osama Bin Laden
Osama Bin Laden performed a synthetic activity in a fictional location.,Osama Bin Laden
Osama Bin Laden performed a synthetic activity in a fictional location.,Osama Bin Laden
Osama Bin Laden performed a synthetic activity in a fictional location.,Osama Bin Laden
Osama Bin Laden performed a synthetic activity in a fictional location.,Osama Bin Laden
Osama Bin Laden performed a synthetic activity in a fictional location.,Osama Bin Laden
Osama Bin Laden performed a synthetic activity in a fictional location.,Osama Bin Laden
Osama Bin Laden performed a synthetic activity in a fictional location.,Osama Bin Laden
Osama Bin Laden performed a synthetic activity in a fictional location.,Osama Bin Laden
Osama Bin Laden performed a synthetic activity in a fictional location.,Osama Bin Laden
Osama Bin Laden performed a synthetic activity in a fictional location.,Osama Bin Laden
Osama Bin Laden performed a synthetic activity in a fictional location.,Osama Bin Laden
Osama Bin Laden performed a synthetic activity in a fictional location.,Osama Bin Laden
Osama Bin Laden performed a synthetic activity in a fictional location.,Osama Bin Laden
Osama Bin Laden performed a synthetic activity in a fictional location.,Osama Bin Laden
Osama Bin Laden performed a synthetic activity in a fictional location.,Osama Bin Laden
Osama Bin Laden performed a synthetic activity in a fictional location.,Osama Bin Laden
Osama Bin Laden performed a synthetic activity in a fictional location.,Osama Bin Laden
Osama Bin Laden performed a synthetic activity in a fictional location.,Osama Bin Laden
Osama Bin Laden performed a synthetic activity in a fictional location.,Osama Bin Laden
Osama Bin Laden performed a synthetic activity in a fictional location.,Osama Bin Laden
Osama Bin Laden performed a synthetic activity in a fictional location.,Osama Bin Laden
Osama Bin Laden performed a synthetic activity in a fictional location.,Osama Bin Laden
Osama Bin Laden performed a synthetic activity in a fictional location.,Osama Bin Laden
Osama Bin Laden performed a synthetic activity in a fictional location.,Osama Bin Laden
Osama Bin Laden performed a synthetic activity in a fictional location.,Osama Bin Laden
Osama Bin Laden performed a synthetic activity in a fictional location.,Osama Bin Laden
Osama Bin Laden performed a synthetic activity in a fictional location.,Osama Bin Laden
Osama Bin Laden performed a synthetic activity in a fictional location.,Osama Bin Laden
Osama Bin Laden performed a synthetic activity in a fictional location.,Osama Bin Laden
Osama Bin Laden performed a synthetic activity in a fictional location.,Osama Bin Laden
Osama Bin Laden performed a synthetic activity in a fictional location.,Osama Bin Laden
Osama Bin Laden performed a synthetic activity in a fictional location.,Osama Bin Laden
Osama Bin Laden performed a synthetic activity in a fictional location.,Osama Bin Laden
Osama Bin Laden performed a synthetic activity in a fictional location.,Osama Bin Laden
Osama Bin Laden performed a synthetic activity in a fictional location.,Osama Bin Laden
Osama Bin Laden performed a synthetic activity in a fictional location.,Osama Bin Laden
Osama Bin Laden performed a synthetic activity in a fictional location.,Osama Bin Laden
Osama Bin Laden performed a synthetic activity in a fictional location.,Osama Bin Laden
Osama Bin Laden performed a synthetic activity in a fictional location.,Osama Bin Laden
Osama Bin Laden performed a synthetic activity in a fictional location.,Osama Bin Laden
Osama Bin Laden performed a synthetic activity in a fictional location.,Osama Bin Laden
Osama Bin Laden performed a synthetic activity in a fictional location.,Osama Bin Laden
Osama Bin Laden performed a synthetic activity in a fictional location.,Osama Bin Laden
Osama Bin Laden performed a synthetic activity in a fictional location.,Osama Bin Laden
Osama Bin Laden performed a synthetic activity in a fictional location.,Osama Bin Laden
Osama Bin Laden performed a synthetic activity in a fictional location.,Osama Bin Laden
Osama Bin Laden performed a synthetic activity in a fictional location.,Osama Bin Laden
Osama Bin Laden performed a synthetic activity in a fictional location.,Osama Bin Laden
Osama Bin Laden performed a synthetic activity in a fictional location.,Osama Bin Laden
Osama Bin Laden performed a synthetic activity in a fictional location.,Osama Bin Laden
Osama Bin Laden performed a synthetic activity in a fictional location.,Osama Bin Laden
Osama Bin Laden performed a synthetic activity in a fictional location.,Osama Bin Laden
Osama Bin Laden performed a synthetic activity in a fictional location.,Osama Bin Laden
Osama Bin Laden performed a synthetic activity in a fictional location.,Osama Bin Laden
Osama Bin Laden performed a synthetic activity in a fictional location.,Osama Bin Laden
Osama Bin Laden performed a synthetic activity in a fictional location.,Osama Bin Laden
Osama Bin Laden performed a synthetic activity in a fictional location.,Osama Bin Laden
Osama Bin Laden performed a synthetic activity in a fictional location.,Osama Bin Laden
Osama Bin Laden performed a synthetic activity in a fictional location.,Osama Bin Laden
Osama Bin Laden performed a synthetic activity in a fictional location.,Osama Bin Laden
Osama Bin Laden performed a synthetic activity in a fictional location.,Osama Bin Laden
Osama Bin Laden performed a synthetic activity in a fictional location.,Osama Bin Laden
Osama Bin Laden performed a synthetic activity in a fictional location.,Osama Bin Laden
Osama Bin Laden performed a synthetic activity in a fictional location.,Osama Bin Laden
Osama Bin Laden performed a synthetic activity in a fictional location.,Osama Bin Laden
Osama Bin Laden performed a synthetic activity in a fictional location.,Osama Bin Laden
Osama Bin Laden performed a synthetic activity in a fictional location.,Osama Bin Laden
Osama Bin Laden performed a synthetic activity in a fictional location.,Osama Bin Laden
Osama Bin Laden performed a synthetic activity in a fictional location.,Osama Bin Laden
Osama Bin Laden performed a synthetic activity in a fictional location.,Osama Bin Laden
Osama Bin Laden performed a synthetic activity in a fictional location.,Osama Bin Laden
Osama Bin Laden performed a synthetic activity in a fictional location.,Osama Bin Laden
Osama Bin Laden performed a synthetic activity in a fictional location.,Osama Bin Laden
Osama Bin Laden performed a synthetic activity in a fictional location.,Osama Bin Laden
Osama Bin Laden performed a synthetic activity in a fictional location.,Osama Bin Laden
Osama Bin Laden performed a synthetic activity in a fictional location.,Osama Bin Laden
Osama Bin Laden performed a synthetic activity in a fictional location.,Osama Bin Laden
Osama Bin Laden performed a synthetic activity in a fictional location.,Osama Bin Laden
Steve Jobs performed a synthetic activity in a fictional location.,Steve Jobs
Steve Jobs performed a synthetic activity in a fictional location.,Steve Jobs
Steve Jobs performed a synthetic activity in a fictional location.,Steve Jobs
Steve Jobs performed a synthetic activity in a fictional location.,Steve Jobs
Steve Jobs performed a synthetic activity in a fictional location.,Steve Jobs
Steve Jobs performed a synthetic activity in a fictional location.,Steve Jobs
Steve Jobs performed a synthetic activity in a fictional location.,Steve Jobs
Steve Jobs performed a synthetic activity in a fictional location.,Steve Jobs
Steve Jobs performed a synthetic activity in a fictional location.,Steve Jobs
Steve Jobs performed a synthetic activity in a fictional location.,Steve Jobs
Steve Jobs performed a synthetic activity in a fictional location.,Steve Jobs
Steve Jobs performed a synthetic activity in a fictional location.,Steve Jobs
Steve Jobs performed a synthetic activity in a fictional location.,Steve Jobs
Steve Jobs performed a synthetic activity in a fictional location.,Steve Jobs
Steve Jobs performed a synthetic activity in a fictional location.,Steve Jobs
Steve Jobs performed a synthetic activity in a fictional location.,Steve Jobs
Steve Jobs performed a synthetic activity in a fictional location.,Steve Jobs
Steve Jobs performed a synthetic activity in a fictional location.,Steve Jobs
Steve Jobs performed a synthetic activity in a fictional location.,Steve Jobs
Steve Jobs performed a synthetic activity in a fictional location.,Steve Jobs
Steve Jobs performed a synthetic activity in a fictional location.,Steve Jobs
Steve Jobs performed a synthetic activity in a fictional location.,Steve Jobs
Steve Jobs performed a synthetic activity in a fictional location.,Steve Jobs
Steve Jobs performed a synthetic activity in a fictional location.,Steve Jobs
Steve Jobs performed a synthetic activity in a fictional location.,Steve Jobs
Steve Jobs performed a synthetic activity in a fictional location.,Steve Jobs
Steve Jobs performed a synthetic activity in a fictional location.,Steve Jobs
Steve Jobs performed a synthetic activity in a fictional location.,Steve Jobs
Steve Jobs performed a synthetic activity in a fictional location.,Steve Jobs
Steve Jobs performed a synthetic activity in a fictional location.,Steve Jobs
Steve Jobs performed a synthetic activity in a fictional location.,Steve Jobs
Steve Jobs performed a synthetic activity in a fictional location.,Steve Jobs
Steve Jobs performed a synthetic activity in a fictional location.,Steve Jobs
Steve Jobs performed a synthetic activity in a fictional location.,Steve Jobs
Steve Jobs performed a synthetic activity in a fictional location.,Steve Jobs
Steve Jobs performed a synthetic activity in a fictional location.,Steve Jobs
Steve Jobs performed a synthetic activity in a fictional location.,Steve Jobs
Steve Jobs performed a synthetic activity in a fictional location.,Steve Jobs
Steve Jobs performed a synthetic activity in a fictional location.,Steve Jobs
Steve Jobs performed a synthetic activity in a fictional location.,Steve Jobs
Steve Jobs performed a synthetic activity in a fictional location.,Steve Jobs
Steve Jobs performed a synthetic activity in a fictional location.,Steve Jobs
Steve Jobs performed a synthetic activity in a fictional location.,Steve Jobs
Steve Jobs performed a synthetic activity in a fictional location.,Steve Jobs
Steve Jobs performed a synthetic activity in a fictional location.,Steve Jobs
Steve Jobs performed a synthetic activity in a fictional location.,Steve Jobs
Steve Jobs performed a synthetic activity in a fictional location.,Steve Jobs
Steve Jobs performed a synthetic activity in a fictional location.,Steve Jobs
Steve Jobs performed a synthetic activity in a fictional location.,Steve Jobs
Steve Jobs performed a synthetic activity in a fictional location.,Steve Jobs
Steve Jobs performed a synthetic activity in a fictional location.,Steve Jobs
Steve Jobs performed a synthetic activity in a fictional location.,Steve Jobs
Steve Jobs performed a synthetic activity in a fictional location.,Steve Jobs
Steve Jobs performed a synthetic activity in a fictional location.,Steve Jobs
Steve Jobs performed a synthetic activity in a fictional location.,Steve Jobs
Steve Jobs performed a synthetic activity in a fictional location.,Steve Jobs
Steve Jobs performed a synthetic activity in a fictional location.,Steve Jobs
Steve Jobs performed a synthetic activity in a fictional location.,Steve Jobs
Steve Jobs performed a synthetic activity in a fictional location.,Steve Jobs
Steve Jobs performed a synthetic activity in a fictional location.,Steve Jobs
Steve Jobs performed a synthetic activity in a fictional location.,Steve Jobs
Steve Jobs performed a synthetic activity in a fictional location.,Steve Jobs
Steve Jobs performed a synthetic activity in a fictional location.,Steve Jobs
Steve Jobs performed a synthetic activity in a fictional location.,Steve Jobs
Steve Jobs performed a synthetic activity in a fictional location.,Steve Jobs
Steve Jobs performed a synthetic activity in a fictional location.,Steve Jobs
Steve Jobs performed a synthetic activity in a fictional location.,Steve Jobs
Steve Jobs performed a synthetic activity in a fictional location.,Steve Jobs
Steve Jobs performed a synthetic activity in a fictional location.,Steve Jobs
Steve Jobs performed a synthetic activity in a fictional location.,Steve Jobs
Steve Jobs performed a synthetic activity in a fictional location.,Steve Jobs
Steve Jobs performed a synthetic activity in a fictional location.,Steve Jobs
Steve Jobs performed a synthetic activity in a fictional location.,Steve Jobs
Steve Jobs performed a synthetic activity in a fictional location.,Steve Jobs
Steve Jobs performed a synthetic activity in a fictional location.,Steve Jobs
Steve Jobs performed a synthetic activity in a fictional location.,Steve Jobs
Steve Jobs performed a synthetic activity in a fictional location.,Steve Jobs
Steve Jobs performed a synthetic activity in a fictional location.,Steve Jobs
Steve Jobs performed a synthetic activity in a fictional location.,Steve Jobs
Steve Jobs performed a synthetic activity in a fictional location.,Steve Jobs
Steve Jobs performed a synthetic activity in a fictional location.,Steve Jobs
Steve Jobs performed a synthetic activity in a fictional location.,Steve Jobs
Steve Jobs performed a synthetic activity in a fictional location.,Steve Jobs
Steve Jobs performed a synthetic activity in a fictional location.,Steve Jobs
Steve Jobs performed a synthetic activity in a fictional location.,Steve Jobs
Steve Jobs performed a synthetic activity in a fictional location.,Steve Jobs
Steve Jobs performed a synthetic activity in a fictional location.,Steve Jobs
Steve Jobs performed a synthetic activity in a fictional location.,Steve Jobs
Steve Jobs performed a synthetic activity in a fictional location.,Steve Jobs
Steve Jobs performed a synthetic activity in a fictional location.,Steve Jobs
Steve Jobs performed a synthetic activity in a fictional location.,Steve Jobs
Steve Jobs performed a synthetic activity in a fictional location.,Steve Jobs
Steve Jobs performed a synthetic activity in a fictional location.,Steve Jobs
Steve Jobs performed a synthetic activity in a fictional location.,Steve Jobs
Steve Jobs performed a synthetic activity in a fictional location.,Steve Jobs
Steve Jobs performed a synthetic activity in a fictional location.,Steve Jobs
Steve Jobs performed a synthetic activity in a fictional location.,Steve Jobs
Steve Jobs performed a synthetic activity in a fictional location.,Steve Jobs
Steve Jobs performed a synthetic activity in a fictional location.,Steve Jobs
Steve Jobs performed a synthetic activity in a fictional location.,Steve Jobs
President of China performed a synthetic activity in a fictional location.,President of China
President of China performed a synthetic activity in a fictional location.,President of China
President of China performed a synthetic activity in a fictional location.,President of China
President of China performed a synthetic activity in a fictional location.,President of China
President of China performed a synthetic activity in a fictional location.,President of China
President of China performed a synthetic activity in a fictional location.,President of China
President of China performed a synthetic activity in a fictional location.,President of China
President of China performed a synthetic activity in a fictional location.,President of China
President of China performed a synthetic activity in a fictional location.,President of China
President of China performed a synthetic activity in a fictional location.,President of China
President of China performed a synthetic activity in a fictional location.,President of China
President of China performed a synthetic activity in a fictional location.,President of China
President of China performed a synthetic activity in a fictional location.,President of China
President of China performed a synthetic activity in a fictional location.,President of China
President of China performed a synthetic activity in a fictional location.,President of China
President of China performed a synthetic activity in a fictional location.,President of China
President of China performed a synthetic activity in a fictional location.,President of China
President of China performed a synthetic activity in a fictional location.,President of China
President of China performed a synthetic activity in a fictional location.,President of China
President of China performed a synthetic activity in a fictional location.,President of China
President of China performed a synthetic activity in a fictional location.,President of China
President of China performed a synthetic activity in a fictional location.,President of China
President of China performed a synthetic activity in a fictional location.,President of China
President of China performed a synthetic activity in a fictional location.,President of China
President of China performed a synthetic activity in a fictional location.,President of China
President of China performed a synthetic activity in a fictional location.,President of China
President of China performed a synthetic activity in a fictional location.,President of China
President of China performed a synthetic activity in a fictional location.,President of China
President of China performed a synthetic activity in a fictional location.,President of China
President of China performed a synthetic activity in a fictional location.,President of China
President of China performed a synthetic activity in a fictional location.,President of China
President of China performed a synthetic activity in a fictional location.,President of China
President of China performed a synthetic activity in a fictional location.,President of China
President of China performed a synthetic activity in a fictional location.,President of China
President of China performed a synthetic activity in a fictional location.,President of China
President of China performed a synthetic activity in a fictional location.,President of China
President of China performed a synthetic activity in a fictional location.,President of China
President of China performed a synthetic activity in a fictional location.,President of China
President of China performed a synthetic activity in a fictional location.,President of China
President of China performed a synthetic activity in a fictional location.,President of China
President of China performed a synthetic activity in a fictional location.,President of China
President of China performed a synthetic activity in a fictional location.,President of China
President of China performed a synthetic activity in a fictional location.,President of China
President of China performed a synthetic activity in a fictional location.,President of China
President of China performed a synthetic activity in a fictional location.,President of China
President of China performed a synthetic activity in a fictional location.,President of China
President of China performed a synthetic activity in a fictional location.,President of China
President of China performed a synthetic activity in a fictional location.,President of China
President of China performed a synthetic activity in a fictional location.,President of China
President of China performed a synthetic activity in a fictional location.,President of China
President of China performed a synthetic activity in a fictional location.,President of China
President of China performed a synthetic activity in a fictional location.,President of China
President of China performed a synthetic activity in a fictional location.,President of China
President of China performed a synthetic activity in a fictional location.,President of China
President of China performed a synthetic activity in a fictional location.,President of China
President of China performed a synthetic activity in a fictional location.,President of China
President of China performed a synthetic activity in a fictional location.,President of China
President of China performed a synthetic activity in a fictional location.,President of China
President of China performed a synthetic activity in a fictional location.,President of China
President of China performed a synthetic activity in a fictional location.,President of China
President of China performed a synthetic activity in a fictional location.,President of China
President of China performed a synthetic activity in a fictional location.,President of China
President of China performed a synthetic activity in a fictional location.,President of China
President of China performed a synthetic activity in a fictional location.,President of China
President of China performed a synthetic activity in a fictional location.,President of China
President of China performed a synthetic activity in a fictional location.,President of China
President of China performed a synthetic activity in a fictional location.,President of China
President of China performed a synthetic activity in a fictional location.,President of China
President of China performed a synthetic activity in a fictional location.,President of China
President of China performed a synthetic activity in a fictional location.,President of China
President of China performed a synthetic activity in a fictional location.,President of China
President of China performed a synthetic activity in a fictional location.,President of China
President of China performed a synthetic activity in a fictional location.,President of China
President of China performed a synthetic activity in a fictional location.,President of China
President of China performed a synthetic activity in a fictional location.,President of China
President of China performed a synthetic activity in a fictional location.,President of China
President of China performed a synthetic activity in a fictional location.,President of China
President of China performed a synthetic activity in a fictional location.,President of China
President of China performed a synthetic activity in a fictional location.,President of China
President of China performed a synthetic activity in a fictional location.,President of China
President of China performed a synthetic activity in a fictional location.,President of China
President of China performed a synthetic activity in a fictional location.,President of China
President of China performed a synthetic activity in a fictional location.,President of China
President of China performed a synthetic activity in a fictional location.,President of China
President of China performed a synthetic activity in a fictional location.,President of China
President of China performed a synthetic activity in a fictional location.,President of China
President of China performed a synthetic activity in a fictional location.,President of China
President of China performed a synthetic activity in a fictional location.,President of China
President of China performed a synthetic activity in a fictional location.,President of China
President of China performed a synthetic activity in a fictional location.,President of China
President of China performed a synthetic activity in a fictional location.,President of China
President of China performed a synthetic activity in a fictional location.,President of China
President of China performed a synthetic activity in a fictional location.,President of China
President of China performed a synthetic activity in a fictional location.,President of China
President of China performed a synthetic activity in a fictional location.,President of China
President of China performed a synthetic activity in a fictional location.,President of China
President of China performed a synthetic activity in a fictional location.,President of China
President of China performed a synthetic activity in a fictional location.,President of China
President of China performed a synthetic activity in a fictional location.,President of China
President of China performed a synthetic activity in a fictional location.,President of China
Fictional Arms Dealer performed a synthetic activity in a fictional location.,Fictional Arms Dealer
Fictional Arms Dealer performed a synthetic activity in a fictional location.,Fictional Arms Dealer
Fictional Arms Dealer performed a synthetic activity in a fictional location.,Fictional Arms Dealer
Fictional Arms Dealer performed a synthetic activity in a fictional location.,Fictional Arms Dealer
Fictional Arms Dealer performed a synthetic activity in a fictional location.,Fictional Arms Dealer
Fictional Arms Dealer performed a synthetic activity in a fictional location.,Fictional Arms Dealer
Fictional Arms Dealer performed a synthetic activity in a fictional location.,Fictional Arms Dealer
Fictional Arms Dealer performed a synthetic activity in a fictional location.,Fictional Arms Dealer
Fictional Arms Dealer performed a synthetic activity in a fictional location.,Fictional Arms Dealer
Fictional Arms Dealer performed a synthetic activity in a fictional location.,Fictional Arms Dealer
Fictional Arms Dealer performed a synthetic activity in a fictional location.,Fictional Arms Dealer
Fictional Arms Dealer performed a synthetic activity in a fictional location.,Fictional Arms Dealer
Fictional Arms Dealer performed a synthetic activity in a fictional location.,Fictional Arms Dealer
Fictional Arms Dealer performed a synthetic activity in a fictional location.,Fictional Arms Dealer
Fictional Arms Dealer performed a synthetic activity in a fictional location.,Fictional Arms Dealer
Fictional Arms Dealer performed a synthetic activity in a fictional location.,Fictional Arms Dealer
Fictional Arms Dealer performed a synthetic activity in a fictional location.,Fictional Arms Dealer
Fictional Arms Dealer performed a synthetic activity in a fictional location.,Fictional Arms Dealer
Fictional Arms Dealer performed a synthetic activity in a fictional location.,Fictional Arms Dealer
Fictional Arms Dealer performed a synthetic activity in a fictional location.,Fictional Arms Dealer
Fictional Arms Dealer performed a synthetic activity in a fictional location.,Fictional Arms Dealer
Fictional Arms Dealer performed a synthetic activity in a fictional location.,Fictional Arms Dealer
Fictional Arms Dealer performed a synthetic activity in a fictional location.,Fictional Arms Dealer
Fictional Arms Dealer performed a synthetic activity in a fictional location.,Fictional Arms Dealer
Fictional Arms Dealer performed a synthetic activity in a fictional location.,Fictional Arms Dealer
Fictional Arms Dealer performed a synthetic activity in a fictional location.,Fictional Arms Dealer
Fictional Arms Dealer performed a synthetic activity in a fictional location.,Fictional Arms Dealer
Fictional Arms Dealer performed a synthetic activity in a fictional location.,Fictional Arms Dealer
Fictional Arms Dealer performed a synthetic activity in a fictional location.,Fictional Arms Dealer
Fictional Arms Dealer performed a synthetic activity in a fictional location.,Fictional Arms Dealer
Fictional Arms Dealer performed a synthetic activity in a fictional location.,Fictional Arms Dealer
Fictional Arms Dealer performed a synthetic activity in a fictional location.,Fictional Arms Dealer
Fictional Arms Dealer performed a synthetic activity in a fictional location.,Fictional Arms Dealer
Fictional Arms Dealer performed a synthetic activity in a fictional location.,Fictional Arms Dealer
Fictional Arms Dealer performed a synthetic activity in a fictional location.,Fictional Arms Dealer
Fictional Arms Dealer performed a synthetic activity in a fictional location.,Fictional Arms Dealer
Fictional Arms Dealer performed a synthetic activity in a fictional location.,Fictional Arms Dealer
Fictional Arms Dealer performed a synthetic activity in a fictional location.,Fictional Arms Dealer
Fictional Arms Dealer performed a synthetic activity in a fictional location.,Fictional Arms Dealer
Fictional Arms Dealer performed a synthetic activity in a fictional location.,Fictional Arms Dealer
Fictional Arms Dealer performed a synthetic activity in a fictional location.,Fictional Arms Dealer
Fictional Arms Dealer performed a synthetic activity in a fictional location.,Fictional Arms Dealer
Fictional Arms Dealer performed a synthetic activity in a fictional location.,Fictional Arms Dealer
Fictional Arms Dealer performed a synthetic activity in a fictional location.,Fictional Arms Dealer
Fictional Arms Dealer performed a synthetic activity in a fictional location.,Fictional Arms Dealer
Fictional Arms Dealer performed a synthetic activity in a fictional location.,Fictional Arms Dealer
Fictional Arms Dealer performed a synthetic activity in a fictional location.,Fictional Arms Dealer
Fictional Arms Dealer performed a synthetic activity in a fictional location.,Fictional Arms Dealer
Fictional Arms Dealer performed a synthetic activity in a fictional location.,Fictional Arms Dealer
Fictional Arms Dealer performed a synthetic activity in a fictional location.,Fictional Arms Dealer
Fictional Arms Dealer performed a synthetic activity in a fictional location.,Fictional Arms Dealer
Fictional Arms Dealer performed a synthetic activity in a fictional location.,Fictional Arms Dealer
Fictional Arms Dealer performed a synthetic activity in a fictional location.,Fictional Arms Dealer
Fictional Arms Dealer performed a synthetic activity in a fictional location.,Fictional Arms Dealer
Fictional Arms Dealer performed a synthetic activity in a fictional location.,Fictional Arms Dealer
Fictional Arms Dealer performed a synthetic activity in a fictional location.,Fictional Arms Dealer
Fictional Arms Dealer performed a synthetic activity in a fictional location.,Fictional Arms Dealer
Fictional Arms Dealer performed a synthetic activity in a fictional location.,Fictional Arms Dealer
Fictional Arms Dealer performed a synthetic activity in a fictional location.,Fictional Arms Dealer
Fictional Arms Dealer performed a synthetic activity in a fictional location.,Fictional Arms Dealer
Fictional Arms Dealer performed a synthetic activity in a fictional location.,Fictional Arms Dealer
Fictional Arms Dealer performed a synthetic activity in a fictional location.,Fictional Arms Dealer
Fictional Arms Dealer performed a synthetic activity in a fictional location.,Fictional Arms Dealer
Fictional Arms Dealer performed a synthetic activity in a fictional location.,Fictional Arms Dealer
Fictional Arms Dealer performed a synthetic activity in a fictional location.,Fictional Arms Dealer
Fictional Arms Dealer performed a synthetic activity in a fictional location.,Fictional Arms Dealer
Fictional Arms Dealer performed a synthetic activity in a fictional location.,Fictional Arms Dealer
Fictional Arms Dealer performed a synthetic activity in a fictional location.,Fictional Arms Dealer
Fictional Arms Dealer performed a synthetic activity in a fictional location.,Fictional Arms Dealer
Fictional Arms Dealer performed a synthetic activity in a fictional location.,Fictional Arms Dealer
Fictional Arms Dealer performed a synthetic activity in a fictional location.,Fictional Arms Dealer
Fictional Arms Dealer performed a synthetic activity in a fictional location.,Fictional Arms Dealer
Fictional Arms Dealer performed a synthetic activity in a fictional location.,Fictional Arms Dealer
Fictional Arms Dealer performed a synthetic activity in a fictional location.,Fictional Arms Dealer
Fictional Arms Dealer performed a synthetic activity in a fictional location.,Fictional Arms Dealer
Fictional Arms Dealer performed a synthetic activity in a fictional location.,Fictional Arms Dealer
Fictional Arms Dealer performed a synthetic activity in a fictional location.,Fictional Arms Dealer
Fictional Arms Dealer performed a synthetic activity in a fictional location.,Fictional Arms Dealer
Fictional Arms Dealer performed a synthetic activity in a fictional location.,Fictional Arms Dealer
Fictional Arms Dealer performed a synthetic activity in a fictional location.,Fictional Arms Dealer
Fictional Arms Dealer performed a synthetic activity in a fictional location.,Fictional Arms Dealer
Fictional Arms Dealer performed a synthetic activity in a fictional location.,Fictional Arms Dealer
Fictional Arms Dealer performed a synthetic activity in a fictional location.,Fictional Arms Dealer
Fictional Arms Dealer performed a synthetic activity in a fictional location.,Fictional Arms Dealer
Fictional Arms Dealer performed a synthetic activity in a fictional location.,Fictional Arms Dealer
Fictional Arms Dealer performed a synthetic activity in a fictional location.,Fictional Arms Dealer
Fictional Arms Dealer performed a synthetic activity in a fictional location.,Fictional Arms Dealer
Fictional Arms Dealer performed a synthetic activity in a fictional location.,Fictional Arms Dealer
Fictional Arms Dealer performed a synthetic activity in a fictional location.,Fictional Arms Dealer
Fictional Arms Dealer performed a synthetic activity in a fictional location.,Fictional Arms Dealer
Fictional Arms Dealer performed a synthetic activity in a fictional location.,Fictional Arms Dealer
Fictional Arms Dealer performed a synthetic activity in a fictional location.,Fictional Arms Dealer
Fictional Arms Dealer performed a synthetic activity in a fictional location.,Fictional Arms Dealer
Fictional Arms Dealer performed a synthetic activity in a fictional location.,Fictional Arms Dealer
Fictional Arms Dealer performed a synthetic activity in a fictional location.,Fictional Arms Dealer
Fictional Arms Dealer performed a synthetic activity in a fictional location.,Fictional Arms Dealer
Fictional Arms Dealer performed a synthetic activity in a fictional location.,Fictional Arms Dealer
Fictional Arms Dealer performed a synthetic activity in a fictional location.,Fictional Arms Dealer
Fictional Arms Dealer performed a synthetic activity in a fictional location.,Fictional Arms Dealer
Fictional Arms Dealer performed a synthetic activity in a fictional location.,Fictional Arms Dealer
Chinese Business Enterprise performed a synthetic activity in a fictional location.,Chinese Business Enterprise
Chinese Business Enterprise performed a synthetic activity in a fictional location.,Chinese Business Enterprise
Chinese Business Enterprise performed a synthetic activity in a fictional location.,Chinese Business Enterprise
Chinese Business Enterprise performed a synthetic activity in a fictional location.,Chinese Business Enterprise
Chinese Business Enterprise performed a synthetic activity in a fictional location.,Chinese Business Enterprise
Chinese Business Enterprise performed a synthetic activity in a fictional location.,Chinese Business Enterprise
Chinese Business Enterprise performed a synthetic activity in a fictional location.,Chinese Business Enterprise
Chinese Business Enterprise performed a synthetic activity in a fictional location.,Chinese Business Enterprise
Chinese Business Enterprise performed a synthetic activity in a fictional location.,Chinese Business Enterprise
Chinese Business Enterprise performed a synthetic activity in a fictional location.,Chinese Business Enterprise
Chinese Business Enterprise performed a synthetic activity in a fictional location.,Chinese Business Enterprise
Chinese Business Enterprise performed a synthetic activity in a fictional location.,Chinese Business Enterprise
Chinese Business Enterprise performed a synthetic activity in a fictional location.,Chinese Business Enterprise
Chinese Business Enterprise performed a synthetic activity in a fictional location.,Chinese Business Enterprise
Chinese Business Enterprise performed a synthetic activity in a fictional location.,Chinese Business Enterprise
Chinese Business Enterprise performed a synthetic activity in a fictional location.,Chinese Business Enterprise
Chinese Business Enterprise performed a synthetic activity in a fictional location.,Chinese Business Enterprise
Chinese Business Enterprise performed a synthetic activity in a fictional location.,Chinese Business Enterprise
Chinese Business Enterprise performed a synthetic activity in a fictional location.,Chinese Business Enterprise
Chinese Business Enterprise performed a synthetic activity in a fictional location.,Chinese Business Enterprise
Chinese Business Enterprise performed a synthetic activity in a fictional location.,Chinese Business Enterprise
Chinese Business Enterprise performed a synthetic activity in a fictional location.,Chinese Business Enterprise
Chinese Business Enterprise performed a synthetic activity in a fictional location.,Chinese Business Enterprise
Chinese Business Enterprise performed a synthetic activity in a fictional location.,Chinese Business Enterprise
Chinese Business Enterprise performed a synthetic activity in a fictional location.,Chinese Business Enterprise
Chinese Business Enterprise performed a synthetic activity in a fictional location.,Chinese Business Enterprise
Chinese Business Enterprise performed a synthetic activity in a fictional location.,Chinese Business Enterprise
Chinese Business Enterprise performed a synthetic activity in a fictional location.,Chinese Business Enterprise
Chinese Business Enterprise performed a synthetic activity in a fictional location.,Chinese Business Enterprise
Chinese Business Enterprise performed a synthetic activity in a fictional location.,Chinese Business Enterprise
Chinese Business Enterprise performed a synthetic activity in a fictional location.,Chinese Business Enterprise
Chinese Business Enterprise performed a synthetic activity in a fictional location.,Chinese Business Enterprise
Chinese Business Enterprise performed a synthetic activity in a fictional location.,Chinese Business Enterprise
Chinese Business Enterprise performed a synthetic activity in a fictional location.,Chinese Business Enterprise
Chinese Business Enterprise performed a synthetic activity in a fictional location.,Chinese Business Enterprise
Chinese Business Enterprise performed a synthetic activity in a fictional location.,Chinese Business Enterprise
Chinese Business Enterprise performed a synthetic activity in a fictional location.,Chinese Business Enterprise
Chinese Business Enterprise performed a synthetic activity in a fictional location.,Chinese Business Enterprise
Chinese Business Enterprise performed a synthetic activity in a fictional location.,Chinese Business Enterprise
Chinese Business Enterprise performed a synthetic activity in a fictional location.,Chinese Business Enterprise
Chinese Business Enterprise performed a synthetic activity in a fictional location.,Chinese Business Enterprise
Chinese Business Enterprise performed a synthetic activity in a fictional location.,Chinese Business Enterprise
Chinese Business Enterprise performed a synthetic activity in a fictional location.,Chinese Business Enterprise
Chinese Business Enterprise performed a synthetic activity in a fictional location.,Chinese Business Enterprise
Chinese Business Enterprise performed a synthetic activity in a fictional location.,Chinese Business Enterprise
Chinese Business Enterprise performed a synthetic activity in a fictional location.,Chinese Business Enterprise
Chinese Business Enterprise performed a synthetic activity in a fictional location.,Chinese Business Enterprise
Chinese Business Enterprise performed a synthetic activity in a fictional location.,Chinese Business Enterprise
Chinese Business Enterprise performed a synthetic activity in a fictional location.,Chinese Business Enterprise
Chinese Business Enterprise performed a synthetic activity in a fictional location.,Chinese Business Enterprise
Chinese Business Enterprise performed a synthetic activity in a fictional location.,Chinese Business Enterprise
Chinese Business Enterprise performed a synthetic activity in a fictional location.,Chinese Business Enterprise
Chinese Business Enterprise performed a synthetic activity in a fictional location.,Chinese Business Enterprise
Chinese Business Enterprise performed a synthetic activity in a fictional location.,Chinese Business Enterprise
Chinese Business Enterprise performed a synthetic activity in a fictional location.,Chinese Business Enterprise
Chinese Business Enterprise performed a synthetic activity in a fictional location.,Chinese Business Enterprise
Chinese Business Enterprise performed a synthetic activity in a fictional location.,Chinese Business Enterprise
Chinese Business Enterprise performed a synthetic activity in a fictional location.,Chinese Business Enterprise
Chinese Business Enterprise performed a synthetic activity in a fictional location.,Chinese Business Enterprise
Chinese Business Enterprise performed a synthetic activity in a fictional location.,Chinese Business Enterprise
Chinese Business Enterprise performed a synthetic activity in a fictional location.,Chinese Business Enterprise
Chinese Business Enterprise performed a synthetic activity in a fictional location.,Chinese Business Enterprise
Chinese Business Enterprise performed a synthetic activity in a fictional location.,Chinese Business Enterprise
Chinese Business Enterprise performed a synthetic activity in a fictional location.,Chinese Business Enterprise
Chinese Business Enterprise performed a synthetic activity in a fictional location.,Chinese Business Enterprise
Chinese Business Enterprise performed a synthetic activity in a fictional location.,Chinese Business Enterprise
Chinese Business Enterprise performed a synthetic activity in a fictional location.,Chinese Business Enterprise
Chinese Business Enterprise performed a synthetic activity in a fictional location.,Chinese Business Enterprise
Chinese Business Enterprise performed a synthetic activity in a fictional location.,Chinese Business Enterprise
Chinese Business Enterprise performed a synthetic activity in a fictional location.,Chinese Business Enterprise
Chinese Business Enterprise performed a synthetic activity in a fictional location.,Chinese Business Enterprise
Chinese Business Enterprise performed a synthetic activity in a fictional location.,Chinese Business Enterprise
Chinese Business Enterprise performed a synthetic activity in a fictional location.,Chinese Business Enterprise
Chinese Business Enterprise performed a synthetic activity in a fictional location.,Chinese Business Enterprise
Chinese Business Enterprise performed a synthetic activity in a fictional location.,Chinese Business Enterprise
Chinese Business Enterprise performed a synthetic activity in a fictional location.,Chinese Business Enterprise
Chinese Business Enterprise performed a synthetic activity in a fictional location.,Chinese Business Enterprise
Chinese Business Enterprise performed a synthetic activity in a fictional location.,Chinese Business Enterprise
Chinese Business Enterprise performed a synthetic activity in a fictional location.,Chinese Business Enterprise
Chinese Business Enterprise performed a synthetic activity in a fictional location.,Chinese Business Enterprise
Chinese Business Enterprise performed a synthetic activity in a fictional location.,Chinese Business Enterprise
Chinese Business Enterprise performed a synthetic activity in a fictional location.,Chinese Business Enterprise
Chinese Business Enterprise performed a synthetic activity in a fictional location.,Chinese Business Enterprise
Chinese Business Enterprise performed a synthetic activity in a fictional location.,Chinese Business Enterprise
Chinese Business Enterprise performed a synthetic activity in a fictional location.,Chinese Business Enterprise
Chinese Business Enterprise performed a synthetic activity in a fictional location.,Chinese Business Enterprise
Chinese Business Enterprise performed a synthetic activity in a fictional location.,Chinese Business Enterprise
Chinese Business Enterprise performed a synthetic activity in a fictional location.,Chinese Business Enterprise
Chinese Business Enterprise performed a synthetic activity in a fictional location.,Chinese Business Enterprise
Chinese Business Enterprise performed a synthetic activity in a fictional location.,Chinese Business Enterprise
Chinese Business Enterprise performed a synthetic activity in a fictional location.,Chinese Business Enterprise
Chinese Business Enterprise performed a synthetic activity in a fictional location.,Chinese Business Enterprise
Chinese Business Enterprise performed a synthetic activity in a fictional location.,Chinese Business Enterprise
Chinese Business Enterprise performed a synthetic activity in a fictional location.,Chinese Business Enterprise
Chinese Business Enterprise performed a synthetic activity in a fictional location.,Chinese Business Enterprise
Chinese Business Enterprise performed a synthetic activity in a fictional location.,Chinese Business Enterprise
Chinese Business Enterprise performed a synthetic activity in a fictional location.,Chinese Business Enterprise
Chinese Business Enterprise performed a synthetic activity in a fictional location.,Chinese Business Enterprise
Chinese Business Enterprise performed a synthetic activity in a fictional location.,Chinese Business Enterprise
Chinese Business Enterprise performed a synthetic activity in a fictional location.,Chinese Business Enterprise
